Resin-Caster.txt	8
castlecloset.txt	0
Van-to-Mobile-Living-Space-Conversion Window.txt	27
midas.txt	29
chaos wizard.txt	5
15 push pull levels.txt	13
byyourside.txt	2
smother.txt	10
The Far Away Danish Pastry is always Delicio.txt	5
heroes_of_sokoban_2.txt	10
hedgehog stimulator.txt	9
it dies in the light.txt	2
Pocket Gopher - Root-Shoot Nibbler.txt	2
cratopia.txt	9
mazezam.txt	45
BIAXIAL INVASION OF SATURN.txt	5
color chained.txt	3
stick_candy_puzzle_saga.txt	4
the_saga_of_the_candy_scroll.txt	78
big dog and little dog.txt	5
pushit.txt	5
cakemonsters.txt	47
sacrament of the river god.txt	3
Wand Spinner.txt	23
paint everything everywhere.txt	37
gobble_rush.txt	19
witch lifter.txt	9
Any hole is a goal.txt	7
Cucumber Surprise.txt	33
manic_ammo.txt	10
heroes_of_sokoban.txt	23
Pushy-V Pully-H.txt	21
