engine,side,threshold_ms,median_solved,min_solved,max_solved
native,before,0.0,0,0,0
native,before,1.0,82,75,87
native,before,2.0,128,126,132
native,before,3.0,170,151,170
native,before,4.0,193,181,195
native,before,5.0,206,197,206
native,before,6.0,217,207,218
native,before,7.0,229,218,232
native,before,8.0,245,229,246
native,before,9.0,254,246,258
native,before,10.0,266,254,266
native,before,11.0,280,266,283
native,before,12.0,290,280,292
native,before,13.0,298,286,300
native,before,14.0,305,293,309
native,before,15.0,316,299,317
native,before,16.0,324,310,324
native,before,17.0,330,315,334
native,before,17.855299999995623,339,324,342
native,before,18.0,339,324,342
native,before,18.687699999994948,345,328,351
native,before,18.955900000000838,345,328,351
native,before,19.0,345,328,351
native,before,19.277800000010757,351,333,359
native,before,19.93499999999767,351,333,359
native,before,20.0,351,333,359
native,before,21.0,362,341,369
native,before,21.956999999994878,369,348,373
native,before,22.0,369,348,373
native,before,22.428100000004633,373,360,378
native,before,22.621299999998882,373,360,378
native,before,22.712199999994482,373,360,378
native,before,23.0,373,360,378
native,before,24.0,381,365,388
native,before,24.529899999994086,389,368,391
native,before,25.0,389,368,391
native,before,25.05889999998908,394,374,398
native,before,25.200299999996787,394,374,398
native,before,26.0,394,374,398
native,before,26.227700000003097,400,381,402
native,before,27.0,400,381,402
native,before,27.527499999996508,408,389,409
native,before,28.0,408,389,409
native,before,29.0,414,391,420
native,before,29.17280000000028,420,398,426
native,before,29.468600000007427,420,398,426
native,before,30.0,420,398,426
native,before,31.0,425,406,428
native,before,31.22490000000107,431,408,432
native,before,31.77169999999751,431,408,432
native,before,31.831099999995786,431,408,432
native,before,32.0,431,408,432
native,before,32.3920000000071,437,413,439
native,before,33.0,437,413,439
native,before,34.0,440,417,441
native,before,35.0,445,424,446
native,before,36.0,447,428,451
native,before,37.0,447,432,455
native,before,37.72119999999995,451,439,456
native,before,38.0,451,439,456
native,before,39.0,458,447,462
native,before,39.228799999997136,459,450,463
native,before,40.0,459,450,463
native,before,41.0,462,453,466
native,before,41.11800000000221,467,455,470
native,before,42.0,467,455,470
native,before,43.0,473,458,474
native,before,43.26350000000093,474,460,476
native,before,44.0,474,460,476
native,before,45.0,475,464,478
native,before,46.0,480,466,483
native,before,47.0,482,468,485
native,before,48.0,485,469,488
native,before,49.0,485,471,489
native,before,50.0,487,474,491
native,before,51.0,490,475,492
native,before,52.0,495,476,497
native,before,53.0,496,479,499
native,before,54.0,497,481,499
native,before,55.0,498,484,501
native,before,56.0,501,484,505
native,before,57.0,503,485,505
native,before,58.0,507,487,507
native,before,59.0,510,491,511
native,before,60.0,511,494,513
native,before,61.0,515,497,518
native,before,62.0,519,498,520
native,before,63.0,521,500,521
native,before,64.0,524,503,527
native,before,65.0,526,507,530
native,before,66.0,530,511,533
native,before,67.0,534,513,534
native,before,68.0,537,514,538
native,before,69.0,538,515,540
native,before,70.0,543,518,544
native,before,71.0,545,521,547
native,before,72.0,546,522,549
native,before,73.0,550,523,551
native,before,74.0,553,525,557
native,before,75.0,555,527,560
native,before,76.0,557,530,563
native,before,77.0,560,534,563
native,before,78.0,561,539,564
native,before,79.0,561,541,564
native,before,80.0,563,541,564
native,before,81.0,564,545,568
native,before,82.0,566,546,571
native,before,83.0,567,548,574
native,before,84.0,569,550,578
native,before,85.0,572,551,581
native,before,86.0,572,556,582
native,before,87.0,575,557,585
native,before,88.0,577,558,587
native,before,89.0,579,561,589
native,before,90.0,580,562,589
native,before,91.0,581,564,589
native,before,92.0,582,565,593
native,before,93.0,584,569,596
native,before,94.0,585,571,596
native,before,95.0,587,573,596
native,before,96.0,590,575,597
native,before,97.0,592,578,598
native,before,98.0,597,580,600
native,before,99.0,598,580,601
native,before,100.0,598,583,603
native,before,101.0,599,584,607
native,before,102.0,599,585,608
native,before,103.0,604,592,612
native,before,104.0,606,592,614
native,before,105.0,609,593,618
native,before,106.0,612,593,619
native,before,107.0,617,594,620
native,before,108.0,619,594,620
native,before,109.0,620,594,621
native,before,110.0,621,596,623
native,before,111.0,623,598,624
native,before,112.0,624,601,625
native,before,113.0,625,601,626
native,before,114.0,627,603,627
native,before,115.0,627,604,629
native,before,116.0,629,607,631
native,before,117.0,629,608,631
native,before,118.0,631,609,634
native,before,119.0,632,610,635
native,before,120.0,632,611,636
native,before,121.0,633,615,636
native,before,122.0,637,616,638
native,before,123.0,638,617,641
native,before,124.0,638,618,642
native,before,125.0,642,618,643
native,before,126.0,643,618,643
native,before,127.0,645,618,645
native,before,128.0,646,619,648
native,before,129.0,648,619,648
native,before,130.0,649,620,650
native,before,131.0,650,621,651
native,before,132.0,650,622,651
native,before,133.0,651,622,652
native,before,134.0,651,623,652
native,before,135.0,651,627,653
native,before,136.0,652,630,654
native,before,137.0,652,631,655
native,before,138.0,655,633,655
native,before,139.0,655,636,656
native,before,140.0,655,639,657
native,before,141.0,657,639,658
native,before,142.0,658,639,659
native,before,143.0,658,640,659
native,before,144.0,658,641,660
native,before,145.0,658,643,662
native,before,146.0,660,643,663
native,before,147.0,662,644,663
native,before,148.0,662,644,664
native,before,149.0,665,644,666
native,before,150.0,665,646,668
native,before,151.0,665,647,668
native,before,152.0,667,648,669
native,before,153.0,668,649,669
native,before,154.0,668,650,670
native,before,155.0,670,650,671
native,before,156.0,671,651,672
native,before,157.0,672,652,673
native,before,158.0,673,653,675
native,before,159.0,673,655,677
native,before,160.0,673,655,678
native,before,161.0,675,656,678
native,before,162.0,675,657,678
native,before,163.0,676,657,679
native,before,164.0,678,658,680
native,before,165.0,680,658,680
native,before,166.0,681,659,681
native,before,167.0,681,659,682
native,before,168.0,681,660,684
native,before,169.0,682,661,685
native,before,170.0,684,661,686
native,before,171.0,685,662,688
native,before,172.0,686,663,688
native,before,173.0,686,665,689
native,before,174.0,687,665,690
native,before,175.0,688,666,690
native,before,176.0,689,668,690
native,before,177.0,689,669,691
native,before,178.0,689,671,692
native,before,179.0,689,672,693
native,before,180.0,689,672,693
native,before,181.0,689,672,693
native,before,182.0,691,672,694
native,before,183.0,691,673,694
native,before,184.0,691,673,694
native,before,185.0,691,674,694
native,before,186.0,692,674,694
native,before,187.0,694,675,696
native,before,188.0,695,675,697
native,before,189.0,696,676,698
native,before,190.0,697,676,699
native,before,191.0,698,676,700
native,before,192.0,700,676,700
native,before,193.0,700,677,702
native,before,194.0,700,679,702
native,before,195.0,700,681,703
native,before,196.0,700,682,704
native,before,197.0,702,682,704
native,before,198.0,704,683,706
native,before,199.0,704,683,707
native,before,200.0,704,683,707
native,before,201.0,704,683,707
native,before,202.0,704,684,711
native,before,203.0,705,685,712
native,before,204.0,705,685,713
native,before,205.0,706,686,713
native,before,206.0,708,686,713
native,before,207.0,708,687,713
native,before,208.0,708,687,713
native,before,209.0,708,688,714
native,before,210.0,710,690,714
native,before,211.0,710,690,715
native,before,212.0,710,692,716
native,before,213.0,710,693,717
native,before,214.0,711,693,717
native,before,215.0,713,693,718
native,before,216.0,713,693,718
native,before,217.0,714,695,719
native,before,218.0,714,695,719
native,before,219.0,716,696,719
native,before,220.0,716,697,721
native,before,221.0,717,698,722
native,before,222.0,717,699,722
native,before,223.0,718,699,722
native,before,224.0,718,701,723
native,before,225.0,720,701,723
native,before,226.0,721,702,724
native,before,227.0,721,702,725
native,before,228.0,721,703,725
native,before,229.0,723,703,726
native,before,230.0,724,705,726
native,before,231.0,724,705,726
native,before,232.0,725,706,726
native,before,233.0,726,706,727
native,before,234.0,727,706,727
native,before,235.0,727,706,727
native,before,236.0,727,707,728
native,before,237.0,727,707,728
native,before,238.0,727,708,729
native,before,239.0,727,708,729
native,before,240.0,727,708,729
native,before,241.0,727,710,729
native,before,242.0,727,711,730
native,before,243.0,728,711,731
native,before,244.0,729,712,733
native,before,245.0,729,712,733
native,before,246.0,729,714,733
native,before,247.0,729,714,734
native,before,248.0,730,714,734
native,before,249.0,733,714,734
native,before,250.0,733,714,734
native,after,0.0,0,0,0
native,after,1.0,83,76,88
native,after,2.0,121,119,137
native,after,3.0,157,148,172
native,after,4.0,177,175,196
native,after,5.0,201,190,210
native,after,6.0,217,206,223
native,after,7.0,224,217,238
native,after,8.0,238,227,252
native,after,9.0,248,235,263
native,after,10.0,259,247,273
native,after,11.0,273,254,288
native,after,12.0,280,261,301
native,after,13.0,289,272,310
native,after,14.0,300,281,317
native,after,15.0,308,292,327
native,after,16.0,314,309,334
native,after,17.0,317,316,338
native,after,17.855299999995623,329,320,352
native,after,18.0,329,320,352
native,after,18.687699999994948,338,326,357
native,after,18.955900000000838,338,326,357
native,after,19.0,338,326,357
native,after,19.277800000010757,345,333,364
native,after,19.93499999999767,345,333,364
native,after,20.0,345,333,364
native,after,21.0,352,340,373
native,after,21.956999999994878,358,346,379
native,after,22.0,358,346,379
native,after,22.428100000004633,365,352,388
native,after,22.621299999998882,365,352,388
native,after,22.712199999994482,365,352,388
native,after,23.0,365,352,388
native,after,24.0,372,357,396
native,after,24.529899999994086,380,362,402
native,after,25.0,380,362,402
native,after,25.05889999998908,388,369,409
native,after,25.200299999996787,388,369,409
native,after,26.0,388,369,409
native,after,26.227700000003097,393,379,415
native,after,27.0,393,379,415
native,after,27.527499999996508,400,382,421
native,after,28.0,400,382,421
native,after,29.0,410,387,424
native,after,29.17280000000028,415,393,429
native,after,29.468600000007427,415,393,429
native,after,30.0,415,393,429
native,after,31.0,420,396,436
native,after,31.22490000000107,424,402,440
native,after,31.77169999999751,424,402,440
native,after,31.831099999995786,424,402,440
native,after,32.0,424,402,440
native,after,32.3920000000071,424,409,446
native,after,33.0,424,409,446
native,after,34.0,434,412,449
native,after,35.0,437,417,450
native,after,36.0,439,418,454
native,after,37.0,443,420,460
native,after,37.72119999999995,445,427,462
native,after,38.0,445,427,462
native,after,39.0,450,431,466
native,after,39.228799999997136,456,433,467
native,after,40.0,456,433,467
native,after,41.0,458,436,470
native,after,41.11800000000221,462,438,472
native,after,42.0,462,438,472
native,after,43.0,462,441,474
native,after,43.26350000000093,465,445,476
native,after,44.0,465,445,476
native,after,45.0,466,448,481
native,after,46.0,468,451,484
native,after,47.0,472,455,487
native,after,48.0,475,456,491
native,after,49.0,481,462,495
native,after,50.0,484,463,500
native,after,51.0,489,465,502
native,after,52.0,491,467,508
native,after,53.0,492,469,508
native,after,54.0,494,470,509
native,after,55.0,496,475,511
native,after,56.0,498,477,513
native,after,57.0,503,481,514
native,after,58.0,503,485,519
native,after,59.0,505,486,523
native,after,60.0,510,491,526
native,after,61.0,512,494,530
native,after,62.0,512,494,532
native,after,63.0,513,495,533
native,after,64.0,515,496,536
native,after,65.0,517,500,538
native,after,66.0,518,503,541
native,after,67.0,518,505,544
native,after,68.0,518,508,550
native,after,69.0,524,510,552
native,after,70.0,528,513,557
native,after,71.0,530,514,558
native,after,72.0,531,516,562
native,after,73.0,539,517,565
native,after,74.0,542,517,567
native,after,75.0,543,517,568
native,after,76.0,543,520,568
native,after,77.0,544,524,569
native,after,78.0,545,528,570
native,after,79.0,547,530,571
native,after,80.0,548,532,572
native,after,81.0,553,533,576
native,after,82.0,554,535,578
native,after,83.0,555,539,578
native,after,84.0,557,543,579
native,after,85.0,558,546,582
native,after,86.0,561,547,586
native,after,87.0,562,549,586
native,after,88.0,562,549,590
native,after,89.0,563,550,590
native,after,90.0,564,551,593
native,after,91.0,567,553,594
native,after,92.0,567,554,595
native,after,93.0,569,556,596
native,after,94.0,569,557,597
native,after,95.0,571,558,602
native,after,96.0,574,558,607
native,after,97.0,577,562,609
native,after,98.0,578,563,609
native,after,99.0,578,564,611
native,after,100.0,579,564,612
native,after,101.0,584,567,615
native,after,102.0,584,570,616
native,after,103.0,585,573,617
native,after,104.0,589,575,618
native,after,105.0,591,578,618
native,after,106.0,593,582,621
native,after,107.0,593,583,621
native,after,108.0,595,583,624
native,after,109.0,596,584,624
native,after,110.0,598,585,625
native,after,111.0,603,586,628
native,after,112.0,605,587,630
native,after,113.0,607,592,631
native,after,114.0,608,592,633
native,after,115.0,610,593,635
native,after,116.0,610,595,636
native,after,117.0,612,596,638
native,after,118.0,615,597,641
native,after,119.0,616,598,642
native,after,120.0,617,600,644
native,after,121.0,622,602,644
native,after,122.0,624,606,644
native,after,123.0,624,607,644
native,after,124.0,625,607,646
native,after,125.0,626,609,651
native,after,126.0,629,611,651
native,after,127.0,631,612,652
native,after,128.0,632,613,652
native,after,129.0,634,614,653
native,after,130.0,634,616,654
native,after,131.0,636,619,654
native,after,132.0,636,620,654
native,after,133.0,636,622,657
native,after,134.0,637,623,658
native,after,135.0,639,624,659
native,after,136.0,640,625,659
native,after,137.0,642,625,661
native,after,138.0,642,626,661
native,after,139.0,644,627,663
native,after,140.0,646,627,665
native,after,141.0,646,628,665
native,after,142.0,649,630,665
native,after,143.0,649,630,665
native,after,144.0,650,630,665
native,after,145.0,650,631,665
native,after,146.0,650,632,666
native,after,147.0,652,634,667
native,after,148.0,653,634,668
native,after,149.0,654,635,669
native,after,150.0,654,635,669
native,after,151.0,656,635,670
native,after,152.0,656,637,672
native,after,153.0,656,637,672
native,after,154.0,658,639,672
native,after,155.0,658,640,673
native,after,156.0,658,641,674
native,after,157.0,661,642,677
native,after,158.0,661,642,677
native,after,159.0,662,642,679
native,after,160.0,662,643,680
native,after,161.0,664,644,680
native,after,162.0,664,645,680
native,after,163.0,664,649,681
native,after,164.0,665,649,681
native,after,165.0,668,649,681
native,after,166.0,670,649,682
native,after,167.0,670,649,683
native,after,168.0,670,650,683
native,after,169.0,670,650,685
native,after,170.0,670,651,685
native,after,171.0,671,651,688
native,after,172.0,671,652,690
native,after,173.0,673,653,690
native,after,174.0,673,653,690
native,after,175.0,673,655,690
native,after,176.0,673,657,691
native,after,177.0,674,659,692
native,after,178.0,675,659,694
native,after,179.0,675,659,695
native,after,180.0,676,660,696
native,after,181.0,677,662,696
native,after,182.0,677,662,696
native,after,183.0,678,662,697
native,after,184.0,679,664,698
native,after,185.0,679,666,700
native,after,186.0,681,667,701
native,after,187.0,682,667,702
native,after,188.0,682,667,703
native,after,189.0,682,669,704
native,after,190.0,684,670,704
native,after,191.0,684,672,704
native,after,192.0,685,672,705
native,after,193.0,685,673,705
native,after,194.0,687,673,705
native,after,195.0,687,674,706
native,after,196.0,689,675,707
native,after,197.0,690,676,709
native,after,198.0,690,676,710
native,after,199.0,694,676,711
native,after,200.0,694,676,711
native,after,201.0,694,676,712
native,after,202.0,696,676,713
native,after,203.0,696,677,714
native,after,204.0,696,677,716
native,after,205.0,697,677,717
native,after,206.0,697,677,717
native,after,207.0,697,677,718
native,after,208.0,699,677,721
native,after,209.0,699,677,721
native,after,210.0,699,678,721
native,after,211.0,699,679,721
native,after,212.0,702,681,722
native,after,213.0,702,681,722
native,after,214.0,702,683,723
native,after,215.0,702,683,723
native,after,216.0,703,684,723
native,after,217.0,705,686,723
native,after,218.0,705,686,724
native,after,219.0,705,686,724
native,after,220.0,705,688,724
native,after,221.0,705,689,724
native,after,222.0,705,690,724
native,after,223.0,706,692,725
native,after,224.0,706,692,725
native,after,225.0,707,692,727
native,after,226.0,708,693,727
native,after,227.0,708,693,727
native,after,228.0,708,693,727
native,after,229.0,710,694,728
native,after,230.0,710,694,728
native,after,231.0,711,696,728
native,after,232.0,713,697,728
native,after,233.0,713,698,729
native,after,234.0,714,699,729
native,after,235.0,715,699,731
native,after,236.0,715,699,732
native,after,237.0,716,701,733
native,after,238.0,716,702,733
native,after,239.0,716,702,734
native,after,240.0,717,702,734
native,after,241.0,719,702,735
native,after,242.0,719,702,735
native,after,243.0,720,702,735
native,after,244.0,720,702,736
native,after,245.0,720,704,736
native,after,246.0,720,704,737
native,after,247.0,720,705,738
native,after,248.0,720,705,738
native,after,249.0,721,705,739
native,after,250.0,721,705,740
js,before,0.0,0,0,0
js,before,1.0,9,8,10
js,before,2.0,31,29,32
js,before,3.0,57,51,60
js,before,4.0,73,72,76
js,before,5.0,87,87,89
js,before,6.0,102,98,107
js,before,7.0,117,110,118
js,before,8.0,125,124,127
js,before,9.0,133,126,135
js,before,10.0,141,138,145
js,before,11.0,152,148,156
js,before,12.0,162,158,165
js,before,13.0,167,159,170
js,before,14.0,173,166,180
js,before,15.0,179,172,186
js,before,16.0,185,177,193
js,before,17.0,192,182,198
js,before,17.855299999995623,197,185,203
js,before,18.0,197,185,203
js,before,18.687699999994948,201,193,214
js,before,18.955900000000838,201,193,214
js,before,19.0,202,193,214
js,before,19.277800000010757,208,196,217
js,before,19.93499999999767,209,196,217
js,before,20.0,209,196,217
js,before,21.0,215,200,220
js,before,21.956999999994878,219,207,223
js,before,22.0,219,208,223
js,before,22.428100000004633,223,214,229
js,before,22.621299999998882,223,214,229
js,before,22.712199999994482,223,214,229
js,before,23.0,223,214,230
js,before,24.0,228,218,231
js,before,24.529899999994086,235,221,235
js,before,25.0,235,221,236
js,before,25.05889999998908,238,225,238
js,before,25.200299999996787,238,225,238
js,before,26.0,238,225,238
js,before,26.227700000003097,242,229,242
js,before,27.0,242,229,243
js,before,27.527499999996508,245,232,249
js,before,28.0,245,232,250
js,before,29.0,250,237,252
js,before,29.17280000000028,254,241,255
js,before,29.468600000007427,254,242,255
js,before,30.0,254,242,255
js,before,31.0,261,247,261
js,before,31.22490000000107,263,251,266
js,before,31.77169999999751,264,251,266
js,before,31.831099999995786,264,252,266
js,before,32.0,264,252,266
js,before,32.3920000000071,271,256,271
js,before,33.0,271,256,272
js,before,34.0,275,259,276
js,before,35.0,279,265,280
js,before,36.0,282,268,284
js,before,37.0,287,271,288
js,before,37.72119999999995,289,273,290
js,before,38.0,289,273,290
js,before,39.0,290,274,295
js,before,39.228799999997136,294,278,299
js,before,40.0,294,278,299
js,before,41.0,295,280,302
js,before,41.11800000000221,298,282,307
js,before,42.0,298,283,307
js,before,43.0,300,283,309
js,before,43.26350000000093,305,286,311
js,before,44.0,305,286,311
js,before,45.0,312,288,316
js,before,46.0,313,293,321
js,before,47.0,316,295,327
js,before,48.0,318,296,330
js,before,49.0,320,302,332
js,before,50.0,323,305,333
js,before,51.0,328,309,340
js,before,52.0,333,310,343
js,before,53.0,334,314,346
js,before,54.0,337,317,349
js,before,55.0,340,320,354
js,before,56.0,341,321,356
js,before,57.0,342,327,358
js,before,58.0,345,330,360
js,before,59.0,345,334,362
js,before,60.0,346,336,363
js,before,61.0,349,339,365
js,before,62.0,352,341,367
js,before,63.0,356,342,369
js,before,64.0,358,343,370
js,before,65.0,360,344,371
js,before,66.0,361,346,372
js,before,67.0,365,348,375
js,before,68.0,372,351,380
js,before,69.0,374,351,388
js,before,70.0,376,352,392
js,before,71.0,381,353,393
js,before,72.0,383,359,395
js,before,73.0,387,364,401
js,before,74.0,390,364,403
js,before,75.0,394,364,405
js,before,76.0,396,369,408
js,before,77.0,403,371,409
js,before,78.0,406,372,412
js,before,79.0,411,374,414
js,before,80.0,412,377,419
js,before,81.0,412,379,421
js,before,82.0,414,381,421
js,before,83.0,414,382,424
js,before,84.0,416,384,427
js,before,85.0,418,385,428
js,before,86.0,423,388,430
js,before,87.0,423,388,431
js,before,88.0,425,392,431
js,before,89.0,428,393,432
js,before,90.0,429,398,434
js,before,91.0,430,401,436
js,before,92.0,430,407,438
js,before,93.0,432,408,440
js,before,94.0,434,409,440
js,before,95.0,435,410,442
js,before,96.0,436,412,444
js,before,97.0,436,414,445
js,before,98.0,437,417,445
js,before,99.0,438,418,446
js,before,100.0,439,419,448
js,before,101.0,442,419,449
js,before,102.0,443,419,450
js,before,103.0,444,419,451
js,before,104.0,445,419,451
js,before,105.0,445,420,453
js,before,106.0,448,424,453
js,before,107.0,450,424,454
js,before,108.0,451,425,455
js,before,109.0,452,427,456
js,before,110.0,452,429,456
js,before,111.0,455,431,457
js,before,112.0,457,431,461
js,before,113.0,458,432,463
js,before,114.0,460,432,464
js,before,115.0,460,434,464
js,before,116.0,460,435,466
js,before,117.0,461,436,469
js,before,118.0,462,438,469
js,before,119.0,464,441,470
js,before,120.0,464,443,471
js,before,121.0,466,445,475
js,before,122.0,468,447,477
js,before,123.0,469,448,478
js,before,124.0,470,449,480
js,before,125.0,471,450,481
js,before,126.0,471,450,481
js,before,127.0,474,453,481
js,before,128.0,474,455,485
js,before,129.0,474,455,488
js,before,130.0,478,455,488
js,before,131.0,481,456,492
js,before,132.0,482,458,493
js,before,133.0,482,459,494
js,before,134.0,483,461,495
js,before,135.0,484,462,496
js,before,136.0,484,464,497
js,before,137.0,484,465,498
js,before,138.0,486,467,500
js,before,139.0,486,468,500
js,before,140.0,487,470,501
js,before,141.0,488,471,503
js,before,142.0,490,472,505
js,before,143.0,490,473,505
js,before,144.0,490,473,506
js,before,145.0,490,475,507
js,before,146.0,490,477,508
js,before,147.0,491,478,510
js,before,148.0,493,480,511
js,before,149.0,496,480,511
js,before,150.0,497,481,512
js,before,151.0,498,481,515
js,before,152.0,499,482,515
js,before,153.0,500,482,517
js,before,154.0,504,484,517
js,before,155.0,507,485,517
js,before,156.0,507,486,518
js,before,157.0,507,486,518
js,before,158.0,508,487,520
js,before,159.0,510,489,520
js,before,160.0,511,489,520
js,before,161.0,513,490,521
js,before,162.0,513,492,522
js,before,163.0,514,493,524
js,before,164.0,515,494,525
js,before,165.0,516,494,525
js,before,166.0,517,494,525
js,before,167.0,517,495,526
js,before,168.0,517,496,527
js,before,169.0,518,496,527
js,before,170.0,519,498,527
js,before,171.0,520,498,527
js,before,172.0,521,498,528
js,before,173.0,521,501,530
js,before,174.0,521,501,531
js,before,175.0,521,502,533
js,before,176.0,522,504,533
js,before,177.0,522,504,535
js,before,178.0,523,504,535
js,before,179.0,525,504,537
js,before,180.0,526,504,538
js,before,181.0,526,505,541
js,before,182.0,526,506,542
js,before,183.0,528,508,544
js,before,184.0,530,509,544
js,before,185.0,530,510,545
js,before,186.0,530,511,546
js,before,187.0,531,511,546
js,before,188.0,532,512,547
js,before,189.0,532,513,548
js,before,190.0,532,513,548
js,before,191.0,533,513,549
js,before,192.0,534,514,549
js,before,193.0,536,515,549
js,before,194.0,536,515,549
js,before,195.0,536,515,550
js,before,196.0,536,516,551
js,before,197.0,536,517,555
js,before,198.0,536,517,555
js,before,199.0,537,519,555
js,before,200.0,538,520,556
js,before,201.0,538,520,556
js,before,202.0,538,521,557
js,before,203.0,540,522,558
js,before,204.0,542,523,558
js,before,205.0,542,523,559
js,before,206.0,543,523,559
js,before,207.0,545,525,561
js,before,208.0,545,527,561
js,before,209.0,546,528,562
js,before,210.0,548,530,563
js,before,211.0,549,531,563
js,before,212.0,550,532,564
js,before,213.0,553,532,566
js,before,214.0,553,532,567
js,before,215.0,557,532,568
js,before,216.0,557,533,568
js,before,217.0,557,534,568
js,before,218.0,557,535,568
js,before,219.0,558,535,569
js,before,220.0,560,535,569
js,before,221.0,561,536,569
js,before,222.0,562,537,569
js,before,223.0,565,538,571
js,before,224.0,565,539,571
js,before,225.0,565,539,572
js,before,226.0,566,539,574
js,before,227.0,566,539,574
js,before,228.0,566,540,576
js,before,229.0,566,541,577
js,before,230.0,567,541,577
js,before,231.0,568,543,578
js,before,232.0,569,544,578
js,before,233.0,569,545,580
js,before,234.0,569,545,581
js,before,235.0,569,545,583
js,before,236.0,570,545,583
js,before,237.0,572,547,584
js,before,238.0,573,548,584
js,before,239.0,573,549,585
js,before,240.0,573,550,585
js,before,241.0,573,550,585
js,before,242.0,573,550,585
js,before,243.0,573,551,585
js,before,244.0,574,551,585
js,before,245.0,574,553,588
js,before,246.0,575,553,588
js,before,247.0,575,556,588
js,before,248.0,578,557,589
js,before,249.0,579,557,589
js,before,250.0,579,557,589
js,after,0.0,0,0,0
js,after,1.0,6,6,13
js,after,2.0,27,25,35
js,after,3.0,55,49,62
js,after,4.0,72,67,78
js,after,5.0,91,89,92
js,after,6.0,102,96,108
js,after,7.0,110,110,114
js,after,8.0,118,118,125
js,after,9.0,134,127,137
js,after,10.0,138,137,151
js,after,11.0,148,147,161
js,after,12.0,156,155,167
js,after,13.0,165,161,174
js,after,14.0,170,169,179
js,after,15.0,176,175,183
js,after,16.0,183,182,193
js,after,17.0,190,186,200
js,after,17.855299999995623,193,190,206
js,after,18.0,193,191,206
js,after,18.687699999994948,198,198,213
js,after,18.955900000000838,199,198,213
js,after,19.0,199,198,213
js,after,19.277800000010757,203,200,217
js,after,19.93499999999767,203,200,217
js,after,20.0,204,200,217
js,after,21.0,214,201,222
js,after,21.956999999994878,218,202,227
js,after,22.0,218,202,227
js,after,22.428100000004633,223,211,228
js,after,22.621299999998882,223,211,229
js,after,22.712199999994482,224,211,229
js,after,23.0,224,211,229
js,after,24.0,228,218,231
js,after,24.529899999994086,233,225,237
js,after,25.0,233,225,237
js,after,25.05889999998908,235,229,242
js,after,25.200299999996787,235,229,243
js,after,26.0,235,229,244
js,after,26.227700000003097,239,232,252
js,after,27.0,239,232,252
js,after,27.527499999996508,243,235,255
js,after,28.0,243,235,255
js,after,29.0,247,236,260
js,after,29.17280000000028,248,241,268
js,after,29.468600000007427,248,241,268
js,after,30.0,248,242,268
js,after,31.0,252,243,271
js,after,31.22490000000107,256,246,273
js,after,31.77169999999751,256,246,273
js,after,31.831099999995786,256,246,273
js,after,32.0,256,246,274
js,after,32.3920000000071,258,249,277
js,after,33.0,258,249,277
js,after,34.0,261,253,279
js,after,35.0,265,256,283
js,after,36.0,267,258,285
js,after,37.0,269,261,289
js,after,37.72119999999995,275,266,292
js,after,38.0,275,267,292
js,after,39.0,277,273,294
js,after,39.228799999997136,283,278,298
js,after,40.0,283,279,298
js,after,41.0,287,282,300
js,after,41.11800000000221,288,285,307
js,after,42.0,288,285,307
js,after,43.0,291,287,309
js,after,43.26350000000093,296,289,314
js,after,44.0,297,289,314
js,after,45.0,299,289,320
js,after,46.0,304,291,323
js,after,47.0,305,295,328
js,after,48.0,308,298,331
js,after,49.0,312,302,332
js,after,50.0,315,307,335
js,after,51.0,320,309,337
js,after,52.0,324,315,340
js,after,53.0,325,318,347
js,after,54.0,328,322,350
js,after,55.0,333,324,355
js,after,56.0,337,331,355
js,after,57.0,339,335,359
js,after,58.0,342,339,362
js,after,59.0,344,342,365
js,after,60.0,348,344,368
js,after,61.0,350,346,371
js,after,62.0,354,349,371
js,after,63.0,355,352,374
js,after,64.0,358,352,376
js,after,65.0,362,355,377
js,after,66.0,364,358,379
js,after,67.0,365,360,383
js,after,68.0,366,363,386
js,after,69.0,370,363,390
js,after,70.0,371,365,391
js,after,71.0,373,366,393
js,after,72.0,374,367,397
js,after,73.0,376,367,400
js,after,74.0,376,370,404
js,after,75.0,377,373,406
js,after,76.0,378,374,410
js,after,77.0,380,375,413
js,after,78.0,382,376,416
js,after,79.0,384,381,416
js,after,80.0,386,383,418
js,after,81.0,391,384,420
js,after,82.0,393,388,424
js,after,83.0,395,391,427
js,after,84.0,396,392,427
js,after,85.0,398,395,429
js,after,86.0,401,397,429
js,after,87.0,401,401,430
js,after,88.0,403,403,432
js,after,89.0,405,404,434
js,after,90.0,407,405,438
js,after,91.0,409,407,438
js,after,92.0,411,410,439
js,after,93.0,412,411,439
js,after,94.0,413,412,440
js,after,95.0,416,414,443
js,after,96.0,417,416,443
js,after,97.0,420,417,444
js,after,98.0,423,418,446
js,after,99.0,426,422,447
js,after,100.0,429,422,448
js,after,101.0,429,425,451
js,after,102.0,429,426,452
js,after,103.0,431,427,454
js,after,104.0,433,429,455
js,after,105.0,435,431,457
js,after,106.0,438,431,459
js,after,107.0,438,433,459
js,after,108.0,439,435,459
js,after,109.0,439,438,460
js,after,110.0,440,439,461
js,after,111.0,441,439,465
js,after,112.0,442,440,465
js,after,113.0,442,441,467
js,after,114.0,444,441,469
js,after,115.0,445,442,469
js,after,116.0,446,442,470
js,after,117.0,446,442,471
js,after,118.0,450,443,474
js,after,119.0,451,445,474
js,after,120.0,452,445,474
js,after,121.0,455,445,476
js,after,122.0,455,445,477
js,after,123.0,458,447,479
js,after,124.0,459,449,481
js,after,125.0,460,451,482
js,after,126.0,461,454,482
js,after,127.0,464,455,486
js,after,128.0,464,455,489
js,after,129.0,464,457,491
js,after,130.0,466,459,494
js,after,131.0,468,459,494
js,after,132.0,470,459,494
js,after,133.0,471,460,494
js,after,134.0,472,461,496
js,after,135.0,472,461,497
js,after,136.0,473,462,498
js,after,137.0,475,463,499
js,after,138.0,476,465,499
js,after,139.0,479,470,499
js,after,140.0,481,471,500
js,after,141.0,483,472,500
js,after,142.0,485,472,503
js,after,143.0,486,473,505
js,after,144.0,486,474,505
js,after,145.0,488,476,506
js,after,146.0,489,477,506
js,after,147.0,490,477,506
js,after,148.0,490,477,507
js,after,149.0,491,479,509
js,after,150.0,492,479,511
js,after,151.0,493,480,511
js,after,152.0,493,480,512
js,after,153.0,493,481,513
js,after,154.0,494,483,514
js,after,155.0,495,484,514
js,after,156.0,496,484,515
js,after,157.0,496,485,517
js,after,158.0,497,486,517
js,after,159.0,498,487,517
js,after,160.0,499,489,518
js,after,161.0,500,489,518
js,after,162.0,502,489,520
js,after,163.0,502,490,520
js,after,164.0,503,490,521
js,after,165.0,503,492,521
js,after,166.0,503,492,524
js,after,167.0,505,494,526
js,after,168.0,507,495,529
js,after,169.0,508,497,529
js,after,170.0,508,499,530
js,after,171.0,509,499,530
js,after,172.0,510,500,530
js,after,173.0,511,501,530
js,after,174.0,511,505,531
js,after,175.0,512,506,531
js,after,176.0,512,506,533
js,after,177.0,513,506,535
js,after,178.0,513,508,537
js,after,179.0,513,509,538
js,after,180.0,513,510,539
js,after,181.0,513,510,539
js,after,182.0,514,511,540
js,after,183.0,517,511,541
js,after,184.0,517,511,543
js,after,185.0,518,511,544
js,after,186.0,518,512,545
js,after,187.0,520,513,545
js,after,188.0,520,515,545
js,after,189.0,521,516,546
js,after,190.0,521,516,546
js,after,191.0,521,516,546
js,after,192.0,522,517,546
js,after,193.0,525,517,547
js,after,194.0,525,517,549
js,after,195.0,525,518,549
js,after,196.0,525,519,549
js,after,197.0,526,519,551
js,after,198.0,528,519,553
js,after,199.0,528,520,553
js,after,200.0,528,521,555
js,after,201.0,529,523,555
js,after,202.0,530,523,556
js,after,203.0,531,526,559
js,after,204.0,532,526,562
js,after,205.0,532,528,563
js,after,206.0,535,529,565
js,after,207.0,536,530,565
js,after,208.0,536,533,565
js,after,209.0,538,535,566
js,after,210.0,538,535,570
js,after,211.0,538,537,570
js,after,212.0,539,537,571
js,after,213.0,540,537,571
js,after,214.0,540,537,573
js,after,215.0,540,538,573
js,after,216.0,541,538,574
js,after,217.0,542,538,574
js,after,218.0,544,538,575
js,after,219.0,544,538,575
js,after,220.0,544,538,575
js,after,221.0,546,539,575
js,after,222.0,546,539,576
js,after,223.0,547,539,576
js,after,224.0,547,539,576
js,after,225.0,548,540,577
js,after,226.0,549,542,577
js,after,227.0,550,544,579
js,after,228.0,552,545,579
js,after,229.0,552,545,579
js,after,230.0,552,548,579
js,after,231.0,552,548,579
js,after,232.0,552,548,580
js,after,233.0,552,548,582
js,after,234.0,552,548,582
js,after,235.0,552,548,584
js,after,236.0,552,549,585
js,after,237.0,552,552,586
js,after,238.0,552,552,587
js,after,239.0,553,552,587
js,after,240.0,553,553,587
js,after,241.0,554,553,587
js,after,242.0,554,554,589
js,after,243.0,555,554,589
js,after,244.0,556,555,589
js,after,245.0,556,555,589
js,after,246.0,557,557,589
js,after,247.0,557,557,589
js,after,248.0,559,557,589
js,after,249.0,559,557,589
js,after,250.0,560,559,589
